{"cameraMode":{"drawMode":0,"name":"Shaded","section":"Shading Mode"},"sceneLighting":false,"audioPlay":false,"sceneViewState":{"m_AlwaysRefresh":false,"showFog":true,"showSkybox":false,"showFlares":true,"showImageEffects":true,"showParticleSystems":true,"showVisualEffectGraphs":true,"m_FxEnabled":true},"in2DMode":false,"pivot":{"x":-27.43606948852539,"y":1.3778818845748902,"z":-23.906814575195314},"rotation":{"x":0.13547752797603608,"y":-0.005944648291915655,"z":0.0008128705085255206,"w":0.9907621145248413},"size":0.8660253882408142,"orthographic":true}