{"cameraMode":{"drawMode":0,"name":"Shaded","section":"Shading Mode"},"sceneLighting":false,"audioPlay":false,"sceneViewState":{"m_AlwaysRefresh":false,"showFog":true,"showSkybox":false,"showFlares":true,"showImageEffects":true,"showParticleSystems":true,"showVisualEffectGraphs":true,"m_FxEnabled":true},"in2DMode":false,"pivot":{"x":-15.413084030151368,"y":4.806434631347656,"z":-105.3785400390625},"rotation":{"x":0.6372039318084717,"y":0.00693610729649663,"z":-0.005734922364354134,"w":0.7706435322761536},"size":5.2893571853637699,"orthographic":true}