{"cameraMode":{"drawMode":0,"name":"Shaded","section":"Shading Mode"},"sceneLighting":false,"audioPlay":false,"sceneViewState":{"m_AlwaysRefresh":false,"showFog":true,"showSkybox":false,"showFlares":true,"showImageEffects":true,"showParticleSystems":true,"showVisualEffectGraphs":true,"m_FxEnabled":true},"in2DMode":false,"pivot":{"x":-44.98480987548828,"y":2.7246885299682619,"z":14.893119812011719},"rotation":{"x":0.652124285697937,"y":0.004548604600131512,"z":-0.003912779502570629,"w":0.7580887079238892},"size":15.47561264038086,"orthographic":true}